Date,Time,Post type,Title,Impressions,Likes,Comments,Shares,Total clicks
8/1/21,8:31:00,Links,"Sustainable parking lot design is important if you plan to have large amounts of people visiting. Here's One Community's research, design tutorial, and cost analysis for this. 

https://www.onecommunityglobal.org/sustainable-parking-lot-construction-guide/",0,0,0,0,0
8/1/21,18:32:00,Links,"Another nail in the coffin of climate change denial: “""With more and more changes to the planet, we've created this imbalance where we have surplus energy in the system,"" said Shiv Priyam Raghuraman, a graduate student in atmospheric and oceanic sciences at Princeton and lead author of the study. ""That surplus manifests as different symptoms.""

Emissions of carbon dioxide, methane and other greenhouse gases from human activities trap heat in the atmosphere, meaning the planet absorbs infrared radiation that would normally be released into space. Melting sea ice, changing cloud cover and differences in the concentration of tiny atmospheric particles called aerosols — all of which are affected by climate change — also mean Earth is reflecting less of the sun's radiation back into the cosmos.

""There isn't this equilibrium between energy coming in from the sun and energy going out,"" Raghuraman said. ""The question is: Are these natural planetary variations, or is it us?""

The researchers used satellite observations from 2001 to 2020 to determine that Earth's energy imbalance is growing. They then used a series of climate models to simulate the effects on Earth's energy system if human-caused climate change was taken out of the equation.

The scientists found that natural fluctuations alone could not explain the trend observed over the 20-year period.”

https://www.nbcnews.com/science/environment/earths-energy-imbalance-removes-almost-doubt-human-made-climate-change-rcna1562",0,2,0,1,0
8/2/21,11:50:00,Links,"Wow...

https://youtu.be/_-0J49_9lwc",0,1,0,0,0
8/2/21,12:09:00,Links,"Kids rapping about food quality! This is great! 

https://youtu.be/PqgU3co4vcI",0,1,0,0,0
8/2/21,14:40:00,Links,"DIY Orange Vanilla Furniture Polish by Two Little Cavaliers
http://twolittlecavaliers.com/2013/12/cleaning-green-diy-furniture-polish-vanilla-orange-scent.html",0,0,0,0,0
8/3/21,15:21:00,Links,"“Open source and free-shared ultra-sustainable teacher/demonstration hubs are the perfect spark for igniting a new paradigm of open source ideas. With open source sustainable designs covering food, energy, housing, education, for-profit and non-profit economic design, social architecture, fulfilled living, and global stewardship practices, we can create a comprehensively sustainable planet. This is One Community’s goal and it will benefit all people and life on our planet. This is the August 1st, 2021 edition (#436) of our weekly progress update detailing our team’s development and accomplishments.”",0,2,0,0,0
8/4/21,18:09:00,Links,"Nature is amazing! <3 Let's be conscious stewards of our planet and all life on it, because we can... and if not us, then who? 

https://youtu.be/U2bgGqz-cq0",0,0,0,0,0
8/4/21,9:17:00,Links,"How do you feel about waste and water use in today's society? Here are open source plans being developed for a multi-unit toilet that can provide 100% of its water needs through rainwater 

https://www.onecommunityglobal.org/water-recycling-net-zero-bathroom-design/",0,2,0,0,0
8/4/21,6:12:00,Links,"If you are doing online back-to-school shopping, consider helping support One Community with your purchases. It doesn't cost you anything, could even save you money, and helps support our nonprofit work. 

https://www.onecommunityglobal.org/one-community-goodshop-back-to-school-promotion/",0,1,0,0,0
8/5/21,8:25:00,Links,"What if we could quantify and objectively measure the benefits of collaborative living versus competitive living? Here is open source software being developed to do this and more while also constructing and sharing all aspects of village development for collaborative-living.

https://www.onecommunityglobal.org/highest-good-network/",0,1,0,0,0
8/5/21,12:03:00,Links,"One Community open source and globally collaborative lesson plan with Information as the central theme for teaching all subjects to any learning level. 

https://www.onecommunityglobal.org/information-lesson-plan/",0,1,0,0,0
8/5/21,14:38:00,Links,"Definitely would be interested in people's opinions on this. Permaculture guru Paul Wheaton is a big advocate: ""Just as awareness of the importance of the gut microbiome has led to a boom in probiotic and fermented foods and supplements, there is increasing interest in our skin microbiome: the trillions of microbes that protect us from pathogens and keep us healthy by making vitamins and other useful chemicals. In this unprecedentedly sanitised era, in which eczema, acne and problems associated with dry skin are rife, consumers are hungry for solutions. Even the mainstream brand Dove claims vaguely that its products are “microbiome-gentle”.""

https://www.theguardian.com/lifeandstyle/2019/aug/05/i-dont-smell-meet-the-people-who-have-stopped-washing",0,1,0,0,0
8/5/21,18:43:00,Links,"""Looking at One Community as a blueprint for sustainable cities of the future, we are structuring our physical environment to cater to, and as a reflection of, what we consider to be an equally important social, recreational, and emotionally and psychologically fulfilling environment. We are doing this because we believe promoting world peace, transformation, and change begins with inner peace, personal transformation, and change.""

https://www.onecommunityglobal.org/enviroartistic-design/",0,1,0,1,0
8/6/21,12:27:00,Links,"""And so we learn early: It is better to give than to receive. The venerable aphorism is drummed into our heads from our first slice of a shared birthday cake. But is there a deeper truth behind the truism? The resounding answer is yes...""

http://time.com/collection-post/4070299/secret-to-happiness/",0,1,0,0,0
8/6/21,18:16:00,Links,"People are growing food in recycled plastic bottles in windows in big cities all across the world. Free plans are at windofarms.org. 

https://youtu.be/PkCuPrsPn_I",0,2,0,0,0
8/6/21,8:40:00,Links,"Open source sustainability hub exploring off-grid off-ground living: “The Tree House Village will be a community living model in the trees. It will show how a Tree House Village, or off-ground and low-footprint/low-impact housing, can be a viable approach to sustainable living.”

https://www.onecommunityglobal.org/tree-house-village/",0,3,0,1,0
8/7/21,9:58:00,Links,"A moving, powerful, and empowering call to action... every person on the planet should see this. Watch and help us share it if you agree. <3

https://youtu.be/rRHijO8pKB8",0,3,0,0,0
8/7/21,14:42:00,Links,"There's no question music has strongly influenced the human story. How has it influenced yours? 

Here's a list of uplifting and empowering songs. If you have any you'd like to share please add them in the comments.

https://www.onecommunityglobal.org/most-uplifting-songs-to-live-love-and-expand-with/",0,0,0,0,0
8/8/21,12:43:00,Links,"Did you know there is a free 3-D design program called SketchUp that you can use to design your own sustainable landscapes, buildings, and other environments? This page is a resource for the plant components and includes a sustainable village demonstration and tutorial.

https://www.onecommunityglobal.org/sketchup-plants/",0,1,0,1,0
8/8/21,18:43:00,Links,"Here is a YouTube channel we think is an excellent resource for parents and teachers. It covers conscious and conscientious strategies for teaching and working with kids in any environment. 

https://www.youtube.com/user/lovingguidance/",0,1,0,0,0
8/9/21,20:36:00,Links,"Designing global cooperatives is a lot easier with a plan that includes people globally and is grassroots implementable. One Community is creating this plan and it includes open source and free-shared sustainable designs and tutorials for food, energy, housing, education, for-profit and non-profit economic design, social architecture, fulfilled living, global stewardship practices, and more. Combining these, we can build teacher/demonstration hubs that will work together to develop and help build even more. This is the August 8th, 2021 edition (#437) of our weekly progress update detailing our team’s development and accomplishments.”",0,3,0,0,0
8/9/21,14:35:00,Links,"Ever wonder what it would take to build your own home? Here's a page sharing the materials specifics for earthbag construction dome homes including a single home with custom furniture, a group of 3-domes with a little patio, and even an entire village.

https://www.onecommunityglobal.org/earthbag-village-materials-costs/",0,2,0,0,0
8/9/21,6:15:00,Links,"A 15-minute long TedTalk about the need for a new story that will lead society to a social structure of support and caring for one another. 

https://www.ted.com/talks/george_monbiot_the_new_political_story_that_could_change_everything",0,4,1,0,0
8/9/21,16:57:00,Links,"""Our possessions have become shared, ownership is fluid. Small appliances are constantly exchanged between my sister and I. We trade meals and split resources. This arrangement goes far beyond borrowing a cup of sugar: we pool resources together in order to save money, increase our quality of life, and reduce the amount of stuff we each have to own and store. It’s been eye-opening..."" 

https://www.theguardian.com/lifeandstyle/2015/dec/01/communal-property-ownership-overrated",0,2,0,0,0
8/10/21,11:47:00,Links,"A toast to you Glenfiddich! 

“It has taken more than a decade for Glenfiddich to become the first distillery to process 100% of its waste residues on its own site, then to be the first to process those residues into biogas fuels to power its trucks, and finally to be the first to install a biogas truck fueling station,” said Kirsty Dagnan, from the distillery’s Dufftown facility.

https://www.goodnewsnetwork.org/glenfiddich-launches-fleet-of-trucks-that-runs-on-whiskey-waste/",0,4,1,0,0
8/10/21,12:11:00,Links,"Tesla! “Tesla released more details about its effort to deploy large-scale battery recycling, and it claims that it can recover about 92% of battery cell materials with its recycling process…. In fact, Tesla is now becoming a producer of nickel, cobalt, and other raw materials. Instead of being mined in the field, the materials are being mined from used battery packs. The company says that it had 1,300 tons of nickel, 400 tons of copper, and 80 tons of cobalt recycled in 2020.”

https://electrek.co/2021/08/09/tesla-battery-cell-material-recovery-new-recycling-process/",0,1,5,0,0
8/10/21,16:19:00,Links,"Here's an open source project to build ultra-sustainable city centers surrounded by open source eco-villages. The goal is a global collaborative of these ""teacher/demonstration hubs"" operating as ecotourism destinations and educational centers helping to spread sustainability by showing others how to build sustainable city centers and eco-villages too.

What do you think of this idea? Is this something you'd visit? Is this a place you'd live?

https://www.onecommunityglobal.org/duplicable-city-center/",0,0,0,0,0
8/10/21,22:30:00,Photos,_____,0,0,2,0,0
8/10/21,12:02:00,Links,"This is AMAZING! ""The Great Green Wall is an African-led movement with an epic ambition to grow an 8,000km natural wonder of the world across the entire width of Africa. A decade in and roughly 15% underway, the initiative is already bringing life back to Africa’s degraded landscapes at an unprecedented scale, providing food security, jobs and a reason to stay for the millions who live along its path... Once complete, the Great Green Wall will be the largest living structure on the planet, 3 times the size of the Great Barrier Reef."" 

https://www.greatgreenwall.org/about-great-green-wall",0,0,0,0,0
8/11/21,6:12:00,Links,"""Reconnecting people with their food, and re-teaching people how to grow their own food, has the potential to positively and permanently change the world. It is possible to grow food that is fresher, healthier, and more diverse than what is currently found in the grocery stores...""

https://www.onecommunityglobal.org/large-scale-gardening/",0,2,0,0,0
8/11/21,18:14:00,Text,"""One Community’s non-profit mission is transformational global change through designing, modeling, and open sourcing sustainably holistic, virally-self-replicating, Highest Good of All solutions. These solutions are founded on comprehensive and modifiable village/city models which can be duplicated globally. Duplication can be accomplished both modularly and/or as complete teacher/demonstration hubs and include sustainable solutions for infrastructure, food, education, economics, fulfilled living, and more.""

What do you think?",0,4,2,0,0
8/11/21,9:22:00,Links,"Something to think about as a part of Highest Good society: What is equality? What is acceptance? What are common cultural assumptions and how do they affect our relationships and how we are treated? Here's a fascinating exploration of how several men of different ethnicities and backgrounds experienced how differently they were treated after going through successful sex changes from female to male. Amazing, surprising, and quite an exploration of the struggles of such a huge decision and transformation. 

https://www.washingtonpost.com/news/local/wp/2018/07/20/feature/crossing-the-divide-do-men-really-have-it-easier-these-transgender-guys-found-the-truth-was-more-complex/?utm_term=.6aa6d6eb0a61",0,0,0,0,0
8/11/21,12:22:00,Links,"What would the world be like if every person was taught the value and meaning of sustainability. Here's an open source lesson plan to help. It uses Sustainability as the central theme for teaching all subjects, to all learning levels, and in any learning environment.

https://www.onecommunityglobal.org/sustainability-lesson-plan/",0,2,0,0,0
8/11/21,8:33:00,Links,"Spice Mixers – Did you know that store bought spice mixers and rubs have all sorts of questionable ingredients in them like fillers, preservatives and other unwanted fake flavor enhancers? It is far healthier, cheaper and tastier to make your own, here are 17 combinations to start you off…

https://www.keeperofthehome.org/17-homemade-spice-mixes",0,1,0,0,0
8/12/21,20:30:00,Links,"Nature is amazing! <3 Let's be conscious stewards of our planet and all life on it, because we can... and if not us, then who? 

https://youtu.be/H5BP4xNTzjo",0,0,0,0,0
8/12/21,18:48:00,Links,"Open source solar microgrid setup for self-sufficient villages and sustainable teacher/demonstration hubs. 

https://www.onecommunityglobal.org/solar-energy-setup-maintenance/",0,1,0,0,0
8/12/21,9:51:00,Links,"Food forest groundcover: A food forest, like the name implies, is a forest of food. Like any forest, once established they maintain themselves and have to be physically removed to stop producing. They are created in layers and this open source guide talks about plants ideal for creating the groundcover layer.

Do you know of any other great food forest resources and/or stories? If so, please share them in the comments.

https://www.onecommunityglobal.org/food-forest-groundcover-plantings/",0,1,0,1,0
8/13/21,14:39:00,Links,"If you use Amazon for your back-to-school shopping, their Amazon Smile program for nonprofits will donate .5% of your purchases to us if you use our link. 

https://www.onecommunityglobal.org/one-community-amazon-smile-back-to-school-promotion/",0,0,0,0,0
8/13/21,9:29:00,Links,"We believe even a small group of people cooperating, collaborating, and committing to holding each other accountable to planning and acting on what is in the best interest of everyone has the potential to transform the world. Everything humanity does can be approached with this stewardship mindset and moving forward with what will have the most positive and proactive impact for each other, all people, and the planet.""

Humanity has demonstrated our ability to collaborate on creating amazing and profoundly impactful things. Doesn't it seem time that we cooperate on creating a world that truly works for everyone? What percentage of the population focusing on this would it take to profoundly transform the world for all people and all life? What if twice that percentage were focused on this?

https://www.onecommunityglobal.org/for-the-highest-good-of-all/",0,2,0,0,0
8/14/21,14:27:00,Links,"Many people say they want a more sustainable planet and a better quality of life for themselves and others, but how does a person actually achieve this? What does this mean for different people and how do we provide for the diversity of different ideas different people have?

This article proposes an answer and we invite you to share your ideas too.

https://www.onecommunityglobal.org/living-in-a-new-world/",0,0,0,0,0
8/14/21,9:02:00,Links,"""The science of climate change is more than 150 years old and it is probably the most tested area of modern science. However the energy industry, political lobbyists and others have spent the last 30 years sowing doubt about the science where none really exists. The latest estimate is that the world’s five largest publicly-owned oil and gas companies spend about US$200m each year on lobbying to control, delay or block binding climate-motivated policy.

This organized and orchestrated climate change science denial has contributed to the lack of progress in reducing global green house gas (GHG) emissions - to the point that we are facing a global climate emergency. And when climate change deniers use certain myths – at best fake news and at worse straight lies – to undermine the science of climate change, ordinary people can find it hard to see through the fog. Here are five commonly used myths and the real science that debunks them.""

https://theconversation.com/five-climate-change-science-misconceptions-debunked-122570",0,1,0,0,0
8/14/21,6:12:00,Links,"A 750 square meter farm has been built on top of Israel's oldest mall and it uses this space to grow food year-round, produce 17 different kinds of vegetables, host educational classes, and more! Way to go Israel! 

https://youtu.be/vW_5ZSqYFF0",0,1,2,3,0
8/15/21,18:43:00,Links,"Cut your energy waste, from Better than Ed: ""Energy is wasted at almost every point of generation, transmission and use — from extracting fossil fuels to using energy-inefficient appliances. And all of this wasted energy takes a real toll on our climate, water and wildlife. Fortunately there are many ways to reduce energy waste, both at home and with your legislators’ help.""

https://youtu.be/lNpgEy46G_4",0,1,0,0,0
8/15/21,6:03:00,Links,"Check these guys out: ""ServiceSpace is an organization run entirely by volunteers. We leverage technology to encourage everyday people around the world to do small acts of service. Our aim is to ignite the fundamental generosity in ourselves and others, creating both inner and outer transformation.""

https://www.servicespace.org/",0,0,0,0,0
8/15/21,9:47:00,Text,"""America alone throws away more than 20 billion tampons & pads into landfills per year. Here is an alternative that has a rating of 4.5 out of 5 stars on Amazon with 1000s of reviews.

Something to think about: Tampons and pads are typically made with conventionally produced cotton. One of the most toxic crops grown, using 20 percent of the world’s pesticides and herbicides. These materials are then bleached with chlorine dioxide, creating polluting, harmful and bio-accumulative byproducts like dioxin, which not only end up in the environment, but also remain in our bodies for decades.""

https://ethosolutions.org/divacup-what-is-a-menstrual-cup/",0,1,0,0,0
8/15/21,12:04:00,Links,"""To assure all areas of importance are covered, we’ve designed the Education for Life program so that objective data gathering and analysis can easily be included throughout the learning process. Including this testing is optional, but we think objective data gathering and analysis is extremely helpful in evaluating both progress and the effectiveness of the program itself. Read the following sections for more on this topic...""

https://www.onecommunityglobal.org/objective-data-gathering-and-analysis/",0,1,0,0,0
8/16/21,14:34:00,Links,"Why do we have waste? Wouldn't it be great if everything was reused? Here is an open source bathroom design that uses worms to process human waste into usable compost. 

https://www.onecommunityglobal.org/vermiculture-eco-toilet-design/",1,1,0,1,0
8/16/21,16:07:00,Links,"Homemade Maple Syrup – This classic sauce is so expensive nowadays, did you know it is so simple and easy to collect your own!

http://commonsensehome.com/make-maple-syrup/",0,2,0,0,0
8/16/21,19:53:00,Photos,"Take a look around.

> A huge fire in Siberia is casting out smoke for 3,000 miles.
> Greece – burning.
> California – burning.
> Oregon – burning.
> Historic flooding in Germany and Belgium.
> Italy just experienced the hottest European day ever.
> July 2021 is the hottest month ever recorded.
> Drought and extreme weather disturbances are cutting food production, increasing hunger and raising food prices worldwide.
> Rising sea levels threaten Miami, New York, Charleston and countless coastal cities around the world in the not-to-distant future.

This is not a silly plot in some disaster movie. This is reality. 

It's time to come together as a species and address this challenge. We CAN if enough of us want to.",1,6,2,1,1
8/16/21,8:30:00,Links,"Capitalism - we can change the rules and build better systems. 

https://youtu.be/mIBTg7q9oNc",0,2,0,0,0
8/17/21,6:09:00,Links,"Animals are amazing! And the relationships we can have with them can be just as amazing!

https://youtu.be/QPHjhBBkSVM",0,0,0,0,0
8/17/21,8:42:00,Links,"In her 2008 book ""Bottlemania,"" Elizabeth Royte quotes a Pepsi executive who says: “When we are done, tap water will be relegated to showers and washing dishes.” Now a new study finds that bottled water has ""3,500 times the cost of resource extraction and 1,400 times the impact on ecosystems."" 

https://www.treehugger.com/study-water-bottle-consumption-bad-environment-5197597",0,1,0,0,0
8/17/21,12:14:00,Links,"Here's an article that proposes sustainable eco-villages acting as teacher hubs as the solution to starvation, homelessness, poverty, crime, social injustice, education inequality, and more. 

What do you think, are humanity's challenges all interconnected and is this a model capable of simultaneously addressing all of them?

https://www.onecommunityglobal.org/global-sustainability-strategy/",0,0,0,0,0
8/17/21,14:50:00,Links,"Here's a science-based nonprofit with a blog we recommend: Union of Concerned Scientists - Science for a Healthy Planet and Safer World: ""UCS combines independent scientific research and citizen action to develop innovative, practical solutions and secure responsible changes in government policy, corporate practices, and consumer choices. Established in 1969, we seek to ensure that all people have clean air, energy and transportation, as well as food that is produced in a safe and sustainable manner.""

http://blog.ucsusa.org/",0,2,0,0,0
8/17/21,20:40:00,Links,"“Human sustainable ecosystem design is about humanity becoming conscious and conscientious global stewards. We have the knowledge and ability to build sustainable global systems, regenerate and heal our planet, and create a sustainable world that will benefit us and everything else that shares this world. One Community is supporting this by designing the demonstration/teacher hubs that will demonstrate what is possible and are open sourcing and teaching everything needed for replication and improvement. This is the August 15th, 2021 edition (#438) of our weekly progress update detailing our team’s development and accomplishments.”",0,2,0,0,0
8/18/21,6:23:00,Links,"What innovative control and automation systems are you aware of and/or using? Here's an open source project creating scalable versions that merge ultra-sustainability with cutting-edge automation and environmental control for systems.

https://www.onecommunityglobal.org/control-systems/",0,0,0,0,0
8/18/21,14:52:00,Links,"""From loggerheads to leatherbacks, turtles are ancient mariners that have survived the test of time. But now more than ever, human activities are testing their ability to survive. Today, nearly all species of sea turtles are endangered as a result of habitat destruction, climate change, poaching, and accidental entanglement. But there are a number of steps that you can take to protect these stunning creatures... If you love sea turtles as much as we do, why not take some simple steps to protect them?""

http://ecosalon.com/11-super-simple-tips-for-protecting-endangered-sea-turtles-from-land/",0,0,0,0,0
8/18/21,16:15:00,Links,"Open source and DIY sustainable energy rollout plan for eco-village construction. Covers from 10 to 400+ people and is usable anywhere, including remote locations. 

https://www.onecommunityglobal.org/highest-good-energy/",0,0,0,0,0
8/19/21,14:25:00,Links,"Doughnut Economics: seven ways to think like a 21st century economist. This is the first of seven 60-second animations telling the story of a book by the same name.

https://youtu.be/Mkg2XMTWV4g",0,0,0,0,0
8/20/21,18:41:00,Links,"Lesson Plans How-to page: This page teaches how to use the One Community open source lesson plans by themselves and with all other components of the open source education program. The lesson plans and all other components are designed for all ages and learning levels and for use in any learning environment. 

https://www.onecommunityglobal.org/lesson-plans-how-to/",0,1,0,0,0
8/20/21,12:01:00,Links,"We have come to a point in our history where we have the opportunity to create a place we can choose to live in integrity with every moment; choosing harmony with ourselves, our circle of friends and family, and our planet as a demonstration of living for The Highest Good of All. The best part is, we can also do this in a way that better fulfills our human needs and provides us lives that are rich, vibrant, and meaningful. This page is about these needs and how simultaneously meeting them all is a necessary step for establishing a culture with cooperative and proactive values as a path to global transformation.

https://www.onecommunityglobal.org/foundations-of-fulfillment/",0,2,0,0,0
8/21/21,8:33:00,Links,"Creating world change and posting weekly updates as we do, One Community is a non-governmental, open source, and all-volunteer organization developing sustainable and ""Highest Good"" approaches to food, energy, housing, education, economics, fulfilled living models, and more. Years of progress can be seen a week at a time on the updates blog.

Who's YOUR favorite world-change organization?

https://www.onecommunityglobal.org/one-community-blog/",0,1,0,0,0
8/21/21,14:32:00,Links,"This company, MacRebur, uses plastic pellets made from recycled plastic to create a stronger and longer lasting alternative to asphalt. Their product is a reuse for plastic, increases the lifespan of a road, reduces production costs, & reduces maintenance costs. 

https://vimeo.com/214836976",0,0,0,0,0
8/22/21,6:07:00,Links,"Nature is amazing! <3 Let's be conscious stewards of our planet and all life on it, because we can... and if not us, then who? 

https://youtu.be/iOVHraKmwKY",0,0,0,0,0
8/22/21,14:40:00,Links,"Is humanity ready for a culture of cooperation and collaboration instead of competition?

Here's an article and detailed strategy for achieving this.

https://www.onecommunityglobal.org/highest-good-society/",0,1,0,0,0
8/22/21,15:12:00,Links,"“If we’re not creating sustainable global progress, what kind of progress are we creating? One Community is an all-volunteer global think tank creating open source DIY-replicable “sustainable global progress” components. They include food, energy, housing, education, for-profit and non-profit economic design, social architecture, fulfilled living, global stewardship practices, and more. We see the creation of a sustainable world within our lifetime through self-replicating teacher/demonstration hubs that share how to build and evolve these solutions for “The Highest Good of All”. This is the August 22nd, 2021 edition (#439) of our weekly progress update detailing our team’s development and accomplishments.”",0,1,0,0,0
8/22/21,16:20:00,Links,"One Community Welcomes Frank Roland Vilcapaza Diaz to the Engineering Team!

Frank graduated with a B.S. in Mechanical Engineering from Mississippi State University. He is a creative and highly motivated Engineer-in-Training who knows how to work independently and with a team. Frank is passionate about clean energy and the development of new designs that are green. As a member of the One Community team, he’s applying his background knowledge on mechanical systems and thermodynamics for the calculation of energy systems and HVAC.

Click for Frank’s bio page!",0,1,0,0,0
8/22/21,17:06:00,Links,Help us spread the word!,0,1,0,0,0
8/22/21,18:48:00,Links,"Eco-village living and construction, global transformation and volunteer work aren't for everyone. For those who do want these things though, here is an option. Could a global cooperative of eco-villages help write the next positive chapter in the ever evolving human story? We think it can.

https://www.onecommunityglobal.org/membership/",0,1,0,0,0
8/23/21,8:40:00,Links,"As a species, we can do this. We have the ability to consciously and conscientiously take care of our lands and waters. In so doing, we are taking care of each other and the planet our children and grandchildren will inherit from us. 

https://www.newsweek.com/indigenous-lands-highest-biodiversity-protect-species-1452556",0,4,0,0,0
8/23/21,14:39:00,Links,"Be a hero for animals <3

https://youtu.be/ZCES3DLc7zk",0,0,0,0,0
8/24/21,18:09:00,Links,"The Purpose of Nonviolent Communication: This is moving, beautiful, informative, and shared with love. <3 

https://youtu.be/ImaehABEZaY",0,2,0,0,0
8/24/21,9:17:00,Links,"Super sustainable toilet, no water or septic needed. Just drop bowl liner into toilet bowl. Bowl liner catches and contains all waste plus paper. No-water ""flush"" bowl by stepping on foot pedal. Push start button to incinerate waste automatically.

https://incinolet.com/how-it-works/",0,1,0,0,0
8/24/21,14:27:00,Links,"Here is an open source resource of resources for individuals and communities interested in being proactive about Ocean Preservation.

https://peoplesagenda21.com/ocean-preservation/",0,0,0,0,0
8/25/21,8:25:00,Links,"Here is an extensive exploration of how to maximize sustainable practices when washing your clothes. It includes research, tips, tricks, and more. 

https://www.onecommunityglobal.org/eco-laundry/",0,0,0,0,0
8/25/21,16:21:00,Links,"A 7-minute video about humanity's ""massive capacity for altruism"" and cooperation, finding our path, understanding our story, and creating the world we know is possible. 

https://youtu.be/IJNZNbw3iNA",0,2,0,0,0
8/26/21,8:36:00,Links,"What are the most creative ways you've ever been taught something? Here is an open source education resource of ideas drawn from Montessori, Waldorf, Orff, Reggio, Multi-Intelligences, and more.

https://www.onecommunityglobal.org/teaching-strategies-for-life/",0,2,0,0,0
8/26/21,12:27:00,Links,"Here is a resource from the One Community open source education program. It is an evaluation and feedback format usable with all ages and in almost any learning or work environment: K-12, internships, work positions, apprenticeships, volunteer positions, higher-learning schools, etc.

https://www.onecommunityglobal.org/assessment-format/",0,0,0,0,0
8/26/21,16:07:00,Links,"Mind Blown - How Whales Change Climate... wow, just wow....

https://youtu.be/rwZR28su0FU",0,0,0,0,0
8/27/21,6:09:00,Links,"Hand dryers are more eco-conscious than paper towels. We researched them and ranked the top 5 we could find. 

https://www.onecommunityglobal.org/most-sustainable-hand-dryers/",0,1,0,0,0
8/27/21,12:53:00,Links,"So good! “From 2002 to 2006, he gathered the help of the Tuscan government and WWF-Italia to deploy a strategic formation of 126 underwater cement bollards to ruin any of the deep sea trawling nets which he realized were rapidly destroying the fish stocks he grew up harvesting… 

In May 2015, the first 20 stone blocks, each costing thousands simply to transport to the pier of Talamone, were loaded onto a barge and floated out to their final resting place. A second group of 19 were lowered down last summer.

Ippolito Turco told The Independent, “We’ve managed to totally stop the illegal fishing in the area. Now we’re looking at extending the project along the coast to the north. We want to put more sculptures on the seafloor. It has proved to be very effective.”

https://www.goodnewsnetwork.org/paolo-fanciullis-la-casa-dei-pesci-is-an-underwater-sculpture-garden-that-stops-trawling/",0,0,0,0,0
8/27/21,13:07:00,Photos,__,0,6,1,3,0
8/27/21,13:28:00,Photos,__,0,18,0,0,0
8/27/21,14:44:00,Text,"What do you think humanity could accomplish with an open source globally collaborative botanical garden model that included all plants in a chosen area, including plants grown for food too?

Here's an open source guide and article that explores this.",0,1,1,0,0
8/28/21,12:52:00,Links,"A food forest, like the name implies, is a forest of food. Like any forest, once established they maintain themselves and have to be physically removed to stop producing. They are created in layers and this open source guide talks about plants ideal for creating the canopy layer.

https://www.onecommunityglobal.org/food-forest-canopy-plantings/",0,0,0,0,0
8/28/21,18:27:00,Links,"Nature: Amazing and worth protecting! Let's be conscious and conscientious stewards of our shared planet. If not us... who? If not now... when?

https://youtu.be/tEYCjJqr21A",0,1,0,0,0
8/29/21,22:39:00,Links,"“One Community is forwarding a global cooperative of teacher/demonstration hubs that will open source sustainable and DIY replicable approaches to food, energy, housing, education, for-profit and non-profit economic design, social architecture, fulfilled living, global stewardship practices, and more. We are doing this as part of what we call “living and creating for The Highest Good of All”. This is the August 29th, 2021 edition (#440) of our weekly progress update detailing our team’s development and accomplishments.”",0,4,0,0,0
8/29/21,8:07:00,Links,"""Research has shown that just buying a new phone uses about the same amount of energy as using an older phone for 10 years. Many of the primary metals that go into making a smartphone are often mined by people—and sometimes children—working in terrible conditions, with little economic security. Some metals are mined in conflict zones where their extraction directly supports war. Fairphone, a Dutch social enterprise, is trying to shift away from these exploitative materials and the supply chains that enable them...""

https://www.fastcompany.com/90395841/its-really-really-hard-to-design-a-smartphone-that-doesnt-hurt-people-or-the-planet",0,0,0,0,0
8/30/21,8:23:00,Links,"In our lifetime, we could live in a world with no elephants, rhinos, or gorillas. It’s heartbreaking -- but there’s one group of heroes risking everything to stop this slide towards extinction: wildlife rangers. ""The Thin Green Line Foundation provides vital support to Rangers on the frontline of conservation. Being a Ranger is, arguably, the most dangerous conservation job on the planet. They regularly risk and lose their lives defending that which we all know and understand needs defending. The flow-on effects of having unsupported and at-risk Rangers are considerable and often dire – for wildlife, for fragile ecosystems, for the families of Fallen Rangers and for the communities in which they live. The Thin Green Line Foundation understands the critical role Rangers play. They are a key piece of the global conservation puzzle. We are firmly focused on supporting their many needs through a variety of on-the-ground projects and programs, with a strong focus on Rangers in low-income countries and conflict zones, and Indigenous Rangers in Australia and abroad.""

https://thingreenline.org.au/our-projects/",0,1,0,0,0
8/30/21,12:01:00,Links,"How important is courage? Is it important enough to make it a topic within our educational system? If you answered yes, then this weekly lesson plan outline might be of interest. It uses Courage as the central theme to teach all subjects, to all learning levels, and in any learning environment. Explore it and let us know what you think. 

https://www.onecommunityglobal.org/courage-lesson-plan/",0,1,0,0,0
8/30/21,16:13:00,Links,"""If you want to understand addiction, you can't ask ""why the addiction?"" You must ask ""why the pain?"" ~ Dr. Gabor Maté Watch the video, there are many layers to this powerful message. Wow! <3

https://youtu.be/NFPKpX9Rxqs",0,0,0,0,0
8/30/21,18:41:00,Links,"""Food sustainability and self-sufficiency is becoming increasingly important for a lot of people. This page is a resource and guide for affordably purchasing and deliciously preparing food for groups of 12, 25, 50, and larger while developing the necessary infrastructure to create food independence.""

https://www.onecommunityglobal.org/food-self-sufficiency-transition-plan/",0,0,0,0,0
8/31/21,6:14:00,Links,"Another Homemade Glass Cleaner from DIY Natural

https://www.diynatural.com/spring-cleaning-homemade-glass-cleaner/",0,0,0,0,0
8/31/21,12:22:00,Links,"A food forest, like the name implies, is a forest of food. Like any forest, once established they maintain themselves and have to be physically removed to stop producing. This open source guide talks about plants ideal for creating the herbs layer.

https://www.onecommunityglobal.org/food-forest-herb-plantings/",0,1,0,0,0
8/31/21,19:12:00,Photos,Now is a good time to work together as a species to address climate change...,0,0,1,1,0
8/31/21,20:48:00,Linksssss,"Something to be aware of. Google ""One Community Global"" and flooring or paint or adhesives to see our research on each of these topics and what products to use to avoid this. All our building methods address this too. 

https://www.theguardian.com/society/2021/aug/31/pfas-toxic-forever-chemicals-air-breathing",0,0,0,0,0